image_id,label
img_9c8e90b0c9ab.jpg,Pasture
img_8270bdcdfd01.jpg,HerbaceousVegetation
img_99d65acb7b87.jpg,Forest
img_903ef169aa6c.jpg,SeaLake
img_edaf6f95c449.jpg,PermanentCrop
img_d30e3f17cf1f.jpg,HerbaceousVegetation
img_7c5c54a0ec6a.jpg,AnnualCrop
img_50f060346f33.jpg,Forest
img_f123e7573a93.jpg,SeaLake
img_63662ee5c0e5.jpg,SeaLake
img_5b2051c18037.jpg,Pasture
img_50394b03b677.jpg,River
img_3ad02c35d779.jpg,River
img_027f57922e0a.jpg,SeaLake
img_91d00d656f95.jpg,Forest
img_a9b0cea76e92.jpg,HerbaceousVegetation
img_95ee22f4232a.jpg,Forest
img_3257882e05bc.jpg,Pasture
img_e829a1098f7d.jpg,Industrial
img_2262820cc5ac.jpg,Pasture
img_487914ba4bde.jpg,SeaLake
img_46dfd6daddfb.jpg,River
img_7320de542dfc.jpg,AnnualCrop
img_ba4dd8ffa3a0.jpg,SeaLake
img_51234ad28f0a.jpg,Highway
img_b732feb34243.jpg,Residential
img_c2891bcd1400.jpg,SeaLake
img_44277b7587ac.jpg,Industrial
img_748fd0d37737.jpg,Industrial
img_d1bb2ce042b6.jpg,Pasture
img_9c7e4761bd9d.jpg,Residential
img_767027572e3f.jpg,HerbaceousVegetation
img_07a0ed88c9ab.jpg,River
img_825cd0f9e055.jpg,PermanentCrop
img_3247446db242.jpg,Forest
img_1bd61e246c37.jpg,River
img_c664770d0029.jpg,Highway
img_f4562c7b6e6f.jpg,Pasture
img_fcd7dd30e07c.jpg,SeaLake
img_6a8258fe2678.jpg,River
img_31c59cf8cf1f.jpg,SeaLake
img_f8f40228dd93.jpg,Residential
img_02a57dc64515.jpg,HerbaceousVegetation
img_db7136c164fe.jpg,AnnualCrop
img_d8306912a909.jpg,HerbaceousVegetation
img_889d10ef5b7c.jpg,PermanentCrop
img_2bb136daf8e2.jpg,PermanentCrop
img_d51c4fc103df.jpg,SeaLake
img_5846a58bb3de.jpg,Highway
img_03a314f9a5a4.jpg,Pasture
img_932ac9a84286.jpg,Pasture
img_6a0516250c5d.jpg,Forest
img_fe48984e6f1e.jpg,Highway
img_b10199a916b1.jpg,Residential
img_4a516e5de7f1.jpg,Industrial
img_da4226ce99d3.jpg,River
img_0b9c446769e8.jpg,PermanentCrop
img_177219d45642.jpg,SeaLake
img_e9ed37f64baa.jpg,Industrial
img_cc7ac5ee13f5.jpg,Pasture
img_734dd9019ee0.jpg,AnnualCrop
img_8f73a43f374b.jpg,River
img_14e7757b8710.jpg,Forest
img_3136e69cc419.jpg,Highway
img_62687a9623dc.jpg,AnnualCrop
img_1c3e4b5079ea.jpg,River
img_6fa8ec178c00.jpg,AnnualCrop
img_d77b3d565498.jpg,Residential
img_551dda45e798.jpg,River
img_a5ec6d6efd2a.jpg,Pasture
img_e4535fa15e8e.jpg,SeaLake
img_70f92cd4de1e.jpg,Industrial
img_2dae1c0633de.jpg,Forest
img_7275b2960feb.jpg,Highway
img_3aa32ab49b6b.jpg,Forest
img_be4655a6da63.jpg,AnnualCrop
img_3dfc8beeedbd.jpg,PermanentCrop
img_9e18a04832dc.jpg,Industrial
img_c0b076caf5df.jpg,Highway
img_d0f487d4bcdf.jpg,Highway
img_6973d32a4222.jpg,AnnualCrop
img_0d263e51419a.jpg,SeaLake
img_9836e6130851.jpg,River
img_fc50f9384794.jpg,River
img_06aaa79297a3.jpg,Highway
img_58d8307f4925.jpg,Industrial
img_8eb72e1b0b8f.jpg,AnnualCrop
img_02dc55c2ee0c.jpg,Residential
img_a9e4a57aeea3.jpg,Residential
img_9a7ee0574c7e.jpg,AnnualCrop
img_a1f51d7317e6.jpg,Industrial
img_052c02673969.jpg,HerbaceousVegetation
img_b7834ac26fd5.jpg,SeaLake
img_f2c1f06a04f4.jpg,Highway
img_866814978a4f.jpg,HerbaceousVegetation
img_6f696943cbb6.jpg,Industrial
img_08eb0f2cefc5.jpg,River
img_f4eba46e8162.jpg,Highway
img_a42ff45ea0f6.jpg,HerbaceousVegetation
img_6698f48003ac.jpg,Industrial
img_4d2c5972659a.jpg,AnnualCrop
img_086b3d221323.jpg,Highway
img_b3653963ac88.jpg,AnnualCrop
img_60e56a921880.jpg,HerbaceousVegetation
img_287401f3b52c.jpg,Forest
img_9ab204b301aa.jpg,HerbaceousVegetation
img_ee30b11ac856.jpg,Residential
img_7fac323e65da.jpg,HerbaceousVegetation
img_ee13eed94ac5.jpg,HerbaceousVegetation
img_b59c36317791.jpg,River
img_112963c413ec.jpg,PermanentCrop
img_9a74f29fa046.jpg,Industrial
img_434654ee0e49.jpg,Pasture
img_a2bbd74f93a8.jpg,Residential
img_faf05c72389e.jpg,PermanentCrop
img_ee4e6ad3c919.jpg,Highway
img_de6ad55a1a82.jpg,Forest
img_b14c2bfa947b.jpg,Forest
img_2832a01b037f.jpg,Residential
img_c7037b4351bf.jpg,Industrial
img_e32b9d10f89d.jpg,Forest
img_66203a63670d.jpg,River
img_28686b13a144.jpg,Forest
img_42dea5505650.jpg,PermanentCrop
img_64f95e8ee134.jpg,AnnualCrop
img_3a22e332d39c.jpg,SeaLake
img_21040fef4618.jpg,Industrial
img_d5a0a9adc219.jpg,HerbaceousVegetation
img_6bc1dc74b81d.jpg,SeaLake
img_53ad404f364e.jpg,Pasture
img_d7178d1a3177.jpg,SeaLake
img_f519b60c3785.jpg,Highway
img_40759d3c5cdc.jpg,PermanentCrop
img_64b0bac6ba62.jpg,HerbaceousVegetation
img_05c725fbe581.jpg,SeaLake
img_0eb04ad622bd.jpg,Pasture
img_ef1a352775af.jpg,HerbaceousVegetation
img_92784bec7d03.jpg,AnnualCrop
img_21d1e6521896.jpg,River
img_5c829b873890.jpg,Industrial
img_9f6eb77b1b90.jpg,River
img_f71cc8ff3ef7.jpg,River
img_b806b9bc8cb4.jpg,Highway
img_43701ebdaf40.jpg,PermanentCrop
img_74a184012d88.jpg,Forest
img_4bff7de612a4.jpg,PermanentCrop
img_0d651104200e.jpg,PermanentCrop
img_146d50712065.jpg,Residential
img_8dca9cb1784c.jpg,AnnualCrop
img_f16677ab2280.jpg,PermanentCrop
img_25f9f6812f8c.jpg,SeaLake
img_8d6335148893.jpg,River
img_b5616d821970.jpg,Forest
img_0009ff2651db.jpg,SeaLake
img_e27fad54b422.jpg,SeaLake
img_98f633c25f2c.jpg,Pasture
img_5f645abb9ee3.jpg,PermanentCrop
img_f21f5ffa2b44.jpg,HerbaceousVegetation
img_cb925abc2b54.jpg,AnnualCrop
img_7cd2034b1830.jpg,Forest
img_d6673c1ccaab.jpg,Highway
img_2c4710f20c90.jpg,Residential
img_cb518b654044.jpg,Industrial
img_c93323ce03b9.jpg,PermanentCrop
img_386b612f48f0.jpg,Residential
img_555b12a95da3.jpg,SeaLake
img_3d5cdf3b82bd.jpg,SeaLake
img_05a42943237a.jpg,AnnualCrop
img_3641c3b3f67f.jpg,Pasture
img_7ecb816f6f18.jpg,River
img_7e30a2f0717e.jpg,Industrial
img_b8520874b177.jpg,Highway
img_fc19d2749143.jpg,Residential
img_82a63ef819bd.jpg,Pasture
img_7c015efe7d91.jpg,River
img_c7e3c0fe7cff.jpg,SeaLake
img_77b7b44e5a99.jpg,Residential
img_9c715459a303.jpg,Pasture
img_b102d796f35b.jpg,Residential
img_d48c4d7b5165.jpg,Pasture
img_a531c441e87e.jpg,Residential
img_ef516e890254.jpg,Forest
img_abc763ecd994.jpg,Residential
img_5d3aee5557fb.jpg,Residential
img_ef3c56623b96.jpg,SeaLake
img_f6da86607913.jpg,Highway
img_b25a333af0dd.jpg,River
img_5490e9e3dfa1.jpg,Industrial
img_5c2bea3577af.jpg,Highway
img_7792ce19c8b7.jpg,Pasture
img_e779fc48f867.jpg,AnnualCrop
img_4a19aef024a0.jpg,Pasture
img_2888a33d385a.jpg,Forest
img_d7ac619f8edc.jpg,Pasture
img_4544b1d64d88.jpg,Pasture
img_44e531332e0f.jpg,SeaLake
img_5a2d1dffb125.jpg,Pasture
img_d4bdbfe6c987.jpg,Residential
img_78c50bc2b5fa.jpg,River
img_c76f5c5bae21.jpg,Highway
img_602971d94c20.jpg,Forest
img_d417f566ffc9.jpg,SeaLake
img_82e98406e542.jpg,Residential
img_034323f626a1.jpg,HerbaceousVegetation
img_600f553c3630.jpg,Forest
img_07241d34489b.jpg,AnnualCrop
img_0056d11ab5ac.jpg,HerbaceousVegetation
img_2108f247aa8d.jpg,Forest
img_1f9ccc150370.jpg,Pasture
img_ec3d280bcded.jpg,SeaLake
img_7c1299748169.jpg,PermanentCrop
img_b4f2b6d1cb85.jpg,AnnualCrop
img_cab75c2ac1d4.jpg,Residential
img_ff9b74187e75.jpg,Highway
img_b1fedd3a4400.jpg,HerbaceousVegetation
img_5a42a7da2f59.jpg,AnnualCrop
img_13d9d567be7e.jpg,SeaLake
img_efae4d388a0f.jpg,Forest
img_175a3cf07fe9.jpg,River
img_972e5f56343f.jpg,Forest
img_b54d3bed735a.jpg,Highway
img_236b64eb62df.jpg,PermanentCrop
img_15f3fb49aee2.jpg,River
img_848f26da6485.jpg,Industrial
img_c698764d8285.jpg,River
img_248fb9053a4e.jpg,Industrial
img_65c8bb5ac67c.jpg,AnnualCrop
img_d176c36d57a7.jpg,PermanentCrop
img_e6d4b448d4a6.jpg,Residential
img_eab289609535.jpg,Pasture
img_42abe5321094.jpg,Pasture
img_de94213cedc0.jpg,Industrial
img_9e7da66b4261.jpg,SeaLake
img_8fbd4666aad6.jpg,Pasture
img_3051cbe4bb98.jpg,Forest
img_1d092765c7d5.jpg,AnnualCrop
img_8f2ce44a1bf0.jpg,River
img_2f19de9a0184.jpg,Forest
img_ee3fb00c124f.jpg,Residential
img_b7ce29a57fb7.jpg,HerbaceousVegetation
img_35b42c943de7.jpg,Forest
img_afe75c70d09c.jpg,HerbaceousVegetation
img_64d8cdeab984.jpg,PermanentCrop
img_f92521f38089.jpg,River
img_d5a0f6e77d6b.jpg,AnnualCrop
img_20b1c079f24a.jpg,AnnualCrop
img_d20b5e621b22.jpg,AnnualCrop
img_cfddc683e00f.jpg,AnnualCrop
img_d25e3b3089ff.jpg,River
img_5cf79390be2e.jpg,AnnualCrop
img_01dfe1b1c5ba.jpg,HerbaceousVegetation
img_e29e10d7ad17.jpg,SeaLake
img_bab13a7de48e.jpg,HerbaceousVegetation
img_78b0e3aff4a1.jpg,Residential
img_a8b1e36325df.jpg,River
img_37e0a8c10348.jpg,HerbaceousVegetation
img_c7cd52b68704.jpg,Forest
img_d86d1fa05689.jpg,PermanentCrop
img_6dff6f0f85af.jpg,Industrial
img_d2e11ac4c666.jpg,Forest
img_681cb702707d.jpg,Highway
img_0093e6ba4da7.jpg,Pasture
img_6930df24bdaa.jpg,Pasture
img_650c25af38f9.jpg,Forest
img_6692093737d9.jpg,Highway
img_92c06ff7df92.jpg,Pasture
img_22120a260c85.jpg,Forest
img_738e82c27989.jpg,Industrial
img_ab2cc4afcc18.jpg,AnnualCrop
img_5861c1ed52a3.jpg,Forest
img_4a1cbd112d96.jpg,Pasture
img_41bb1461da0b.jpg,Highway
img_ea6802ea13d6.jpg,Pasture
img_c6af75931b4b.jpg,PermanentCrop
img_469ee467c1ff.jpg,AnnualCrop
img_9694ffe62d00.jpg,Residential
img_15a76462a4ba.jpg,Residential
img_e1f0197bf9bd.jpg,AnnualCrop
img_3eabc110565a.jpg,Pasture
img_b3a3ddc25573.jpg,Residential
img_a2516effb84e.jpg,Residential
img_e33ceff5d46a.jpg,Industrial
img_ba3f2a28b795.jpg,River
img_0991a1d439ff.jpg,Industrial
img_c5135840ecd7.jpg,Forest
img_1aff1359c2a8.jpg,Residential
img_19ac3f7bcf4a.jpg,SeaLake
img_e9ce3e1ced17.jpg,Industrial
img_3c9aa9e3bb8c.jpg,Residential
img_72f9ca3844be.jpg,Pasture
img_d90a32b14e32.jpg,Pasture
img_6f923bb0fb63.jpg,SeaLake
img_c140d0d67faf.jpg,PermanentCrop
img_22fd6b0ba067.jpg,Residential
img_07809c3d4213.jpg,Industrial
img_239f6329220b.jpg,Pasture
img_493743f9370b.jpg,SeaLake
img_a954da32af00.jpg,PermanentCrop
img_bac2e780fbf7.jpg,Pasture
img_979896959619.jpg,HerbaceousVegetation
img_04fd99266348.jpg,Highway
img_6548f9e4d9f1.jpg,River
img_e9e6397515f8.jpg,SeaLake
img_10db9052b9dd.jpg,PermanentCrop
img_fde3db463cad.jpg,HerbaceousVegetation
img_f0bb95ac7d40.jpg,Pasture
img_14b7bc0c2154.jpg,Pasture
img_ca17641d2d8d.jpg,River
img_4205e2e10977.jpg,Residential
img_ce069d228e99.jpg,River
img_799427b483c3.jpg,SeaLake
img_4fb37694a369.jpg,River
img_b77442dbc40a.jpg,Residential
img_54ce47e21dc5.jpg,Highway
img_7a678c23870b.jpg,Residential
img_ebcf2e113a9a.jpg,Industrial
img_4eb60edc7652.jpg,Residential
img_fc48e3da29c3.jpg,HerbaceousVegetation
img_830e4bf28916.jpg,Industrial
img_34895a28dfe3.jpg,SeaLake
img_47fc99816172.jpg,Pasture
img_c23a9ddc9560.jpg,Industrial
img_0d231d4da1cf.jpg,River
img_5e2ba11dc3ab.jpg,SeaLake
img_252ec70c1444.jpg,Industrial
img_23e4ade45f17.jpg,Forest
img_46e3e50670b7.jpg,SeaLake
img_da99efed109d.jpg,River
img_73031ed153df.jpg,Pasture
img_57c7b6429abe.jpg,Forest
img_fc3b3bac6953.jpg,River
img_e361bcef962c.jpg,Residential
img_f03dc8f00c5d.jpg,HerbaceousVegetation
img_bb1750e24a1f.jpg,PermanentCrop
img_35f72fb98d85.jpg,PermanentCrop
img_b65084fdb5af.jpg,Forest
img_a13c0661ade9.jpg,Pasture
img_c65fb61741d7.jpg,Residential
img_af4cf9162f99.jpg,River
img_50d172759071.jpg,AnnualCrop
img_07d834f9dd48.jpg,PermanentCrop
img_f08e31255bbd.jpg,PermanentCrop
img_6e9d83c2194b.jpg,SeaLake
img_bbb0f4299e8d.jpg,River
img_d1a35cc0e2a7.jpg,Residential
img_f9e000380015.jpg,SeaLake
img_074e22c02577.jpg,PermanentCrop
img_b52776ac0896.jpg,Forest
img_ad979dc41437.jpg,Forest
img_945daa1b1313.jpg,PermanentCrop
img_964419b953fc.jpg,SeaLake
img_1b1b8f46703f.jpg,HerbaceousVegetation
img_8ab20374f947.jpg,AnnualCrop
img_167d20e41fb9.jpg,Forest
img_6ea016dbe91b.jpg,Forest
img_d7c6274b880d.jpg,Residential
img_f67b1ad17130.jpg,Pasture
img_4954dd951a88.jpg,Forest
img_03ce4b993c91.jpg,Highway
img_33d6c042a838.jpg,Highway
img_e716efa8a99d.jpg,Highway
img_e3d75286d3b4.jpg,River
img_971fbb8dddda.jpg,River
img_c0d95f175c4f.jpg,SeaLake
img_ffe5b54233d2.jpg,Highway
img_ae08aeb74f7e.jpg,Forest
img_ac2363328003.jpg,Residential
img_1cfb2b34977f.jpg,Forest
img_e1c93f1de2ce.jpg,Pasture
img_0142a8e1cdcc.jpg,River
img_59fc3bcd0778.jpg,PermanentCrop
img_e17047536e19.jpg,AnnualCrop
img_1ccf4fefbe61.jpg,Pasture
img_686f97045df5.jpg,Highway
img_a58ec44920c4.jpg,AnnualCrop
img_0b62bda17acf.jpg,Residential
img_fc14eec88358.jpg,PermanentCrop
img_d4d231a044fd.jpg,Forest
img_7043ac090ea0.jpg,Industrial
img_c44e5f9a64e1.jpg,HerbaceousVegetation
img_a14b6dbaf997.jpg,Pasture
img_6adb1079a748.jpg,Pasture
img_116ae79dd7f5.jpg,HerbaceousVegetation
img_8af0e302ba47.jpg,Pasture
img_5e91b7043a5a.jpg,River
img_af3a25e6dce7.jpg,Pasture
img_f0fb6cb6e1f5.jpg,Forest
img_3b95742aa121.jpg,PermanentCrop
img_5038d32de0d5.jpg,River
img_fb05ef966eff.jpg,HerbaceousVegetation
img_c30e2e1e9236.jpg,HerbaceousVegetation
img_0cda74616deb.jpg,Forest
img_fb32f44b1ad3.jpg,HerbaceousVegetation
img_b7471873359f.jpg,SeaLake
img_00c0856bdd98.jpg,Pasture
img_11ba83bd6083.jpg,Highway
img_fcdad9d58f1c.jpg,Forest
img_92357878ff02.jpg,AnnualCrop
img_9e0aa21c6f81.jpg,Residential
img_354ee659386b.jpg,Highway
img_534da5ca3837.jpg,Highway
img_996d9cdcb1fa.jpg,River
img_28eb9790f952.jpg,SeaLake
img_7a11946c92ab.jpg,AnnualCrop
img_696e906b8a38.jpg,Pasture
img_14692ced97a1.jpg,Pasture
img_226542961a47.jpg,HerbaceousVegetation
img_8f3f13ebd1f7.jpg,PermanentCrop
img_e9f1f733e744.jpg,Forest
img_37336f2a822a.jpg,Residential
img_68b2e48b3654.jpg,Highway
img_f80c110a542e.jpg,AnnualCrop
img_15da43f38a3c.jpg,PermanentCrop
img_cf2abd25a38a.jpg,PermanentCrop
img_8b3fad03a09f.jpg,SeaLake
img_406c3672d3f1.jpg,Industrial
img_23d45651feb1.jpg,Residential
img_31ac8d3b0b1d.jpg,Pasture
img_4d5e9b662b37.jpg,AnnualCrop
img_c48fe992a2ed.jpg,Highway
img_9b8c84881357.jpg,River
img_f527b952ec8c.jpg,Pasture
img_4952576b9890.jpg,Residential
img_f08415d1470d.jpg,PermanentCrop
img_4b91f3341a4d.jpg,Highway
img_7ddf1009855f.jpg,Highway
img_d8a415a3a94c.jpg,Forest
img_65f04be8127f.jpg,Pasture
img_d345e64c8587.jpg,HerbaceousVegetation
img_69e736c855ed.jpg,AnnualCrop
img_ec435faf1e0a.jpg,Pasture
img_6e4c7e130906.jpg,Highway
img_78087240d7f2.jpg,HerbaceousVegetation
img_24fa626dd51f.jpg,Pasture
img_8cc0de93d2a7.jpg,Forest
img_1f82f964bf5d.jpg,River
img_a88dc493d333.jpg,HerbaceousVegetation
img_42fdd28288b2.jpg,HerbaceousVegetation
img_aaa77b0f9d70.jpg,Highway
img_b04b468e2a6a.jpg,AnnualCrop
img_dfa479cbb94f.jpg,Highway
img_55600b05d383.jpg,Highway
img_b5c426edc458.jpg,Highway
img_f7db1434c4f3.jpg,River
img_59a58a2abcc6.jpg,Residential
img_5fb68b80d87e.jpg,Highway
img_9a105e7af21e.jpg,Industrial
img_249ee9c0610b.jpg,HerbaceousVegetation
img_2aa8e91edb21.jpg,Highway
img_3331a1210484.jpg,AnnualCrop
img_4dfcfa6e86d6.jpg,River
img_a827fca6eb39.jpg,PermanentCrop
img_6679f2d89b65.jpg,River
img_b0e983c03007.jpg,HerbaceousVegetation
img_fb5ade2aca6a.jpg,AnnualCrop
img_4370bfabf20b.jpg,Industrial
img_661f62564042.jpg,SeaLake
img_1167900ade12.jpg,Residential
img_d8b3393f8a63.jpg,PermanentCrop
img_60bf10cdc047.jpg,Industrial
img_3ff04b575384.jpg,Industrial
img_69ce1d96bea8.jpg,Forest
img_7824a7b8f988.jpg,River
img_41b52b4ae341.jpg,Industrial
img_1dc2a41de004.jpg,Highway
img_37446fa94dce.jpg,Highway
img_b507c234b07c.jpg,River
img_198a9586a3a3.jpg,HerbaceousVegetation
img_b7780ede359c.jpg,River
img_a73a60f78f1d.jpg,Pasture
img_f21f306944bc.jpg,Highway
img_64aaf654cd2c.jpg,Pasture
img_47680a3f2317.jpg,HerbaceousVegetation
img_ec8504398cbf.jpg,AnnualCrop
img_a18bed55f48f.jpg,Residential
img_0076d82379f4.jpg,Industrial
img_8424d414930f.jpg,Highway
img_5cfd0d4381bc.jpg,Highway
img_608afdfa3700.jpg,Residential
img_99f7ee8924ba.jpg,Residential
img_c9388060f2e9.jpg,Forest
img_1cca9d3f69b0.jpg,PermanentCrop
img_9e95eb846209.jpg,Forest
img_890748fed1d6.jpg,SeaLake
img_8c24d17f9947.jpg,HerbaceousVegetation
img_0c0ff3676578.jpg,PermanentCrop
img_43b503b2e806.jpg,AnnualCrop
img_d66969038ccb.jpg,SeaLake
img_dbf8d249db9b.jpg,Highway
img_33b3499d86f8.jpg,Residential
img_068e8c5d791b.jpg,PermanentCrop
img_67044994f965.jpg,Pasture
img_1a32fc2161e7.jpg,AnnualCrop
img_744c5aec5928.jpg,Residential
img_44ee27f0d96a.jpg,Residential
img_6a5f1a5a7b92.jpg,Pasture
img_3e19877eeb92.jpg,Pasture
img_dd2653d0bfef.jpg,Industrial
img_226b32899e55.jpg,Forest
img_44163bceeb79.jpg,Industrial
img_10854ff29b8d.jpg,Industrial
img_882e3736b27d.jpg,Industrial
img_f82b239d3668.jpg,AnnualCrop
img_4e0db0ac1aa2.jpg,River
img_bd318a7ce84a.jpg,Residential
img_7d391b1d6db9.jpg,Residential
img_ba69c3b1f4e7.jpg,AnnualCrop
img_ef502fb00278.jpg,Residential
img_b8370a463074.jpg,Residential
img_6408c8dedb22.jpg,River
img_012297118b9b.jpg,Industrial
img_c35423e8e7ff.jpg,Forest
img_f4f28d597ca0.jpg,Forest
img_b92517faaf01.jpg,Forest
img_7ecf52017022.jpg,Industrial
img_a229101db1f7.jpg,PermanentCrop
img_179e3625ba4b.jpg,PermanentCrop
img_c99a0efcb96e.jpg,AnnualCrop
img_ebacdf30c265.jpg,Pasture
img_36116da6b93e.jpg,River
img_5552cc4c4fe5.jpg,SeaLake
img_1c4a08d1ce2f.jpg,Pasture
img_256001d38952.jpg,River
img_699fffcc420f.jpg,Highway
img_0a67449e2a76.jpg,HerbaceousVegetation
img_b934d4aeafb0.jpg,PermanentCrop
img_7ba7be5a667b.jpg,HerbaceousVegetation
img_5d1260981805.jpg,Forest
img_91f64fd62ab5.jpg,River
img_71bb17bc04f1.jpg,SeaLake
img_602234a7290a.jpg,AnnualCrop
img_ad6a12c9248e.jpg,SeaLake
img_3901bf2be2ed.jpg,AnnualCrop
img_bf0d27baad90.jpg,Industrial
img_213d7cbaeee1.jpg,Forest
img_2e9c69cc176c.jpg,PermanentCrop
img_7f93a4f9a2fa.jpg,River
img_bfdaea02da52.jpg,SeaLake
img_37b4414cb86f.jpg,River
img_7dcfc9026ad4.jpg,Pasture
img_c669a193a391.jpg,Residential
img_3c421e77e999.jpg,Residential
img_4835bb3b4bc1.jpg,Industrial
img_efb392a01c2b.jpg,Industrial
img_ca1e3ab283bc.jpg,AnnualCrop
img_359922ce2213.jpg,PermanentCrop
img_1e1fc90a6716.jpg,Highway
img_0e14739286d1.jpg,Industrial
img_46f81b290f79.jpg,AnnualCrop
img_e78e35994a87.jpg,Industrial
img_a9e9cf16dda9.jpg,Forest
img_31cfa2e4b53f.jpg,River
img_83a9330dcfad.jpg,Residential
img_4983cc759c05.jpg,Highway
img_711177c4bc72.jpg,River
img_ef940a50c840.jpg,Forest
img_4f0102c3bdbd.jpg,Residential
img_d6453227cfcd.jpg,SeaLake
img_bbfa462fc7f8.jpg,AnnualCrop
img_6ad383f86811.jpg,Highway
img_bbe7cecccb64.jpg,Industrial
img_147888b2a94c.jpg,AnnualCrop
img_e537baf8f370.jpg,PermanentCrop
img_ea8c0ef53d3c.jpg,Residential
img_309e7217442f.jpg,River
img_5a8591808b47.jpg,AnnualCrop
img_a52b0506665b.jpg,AnnualCrop
img_4060f9670959.jpg,PermanentCrop
img_f66ee247577d.jpg,Industrial
img_6e7e3c37384c.jpg,River
img_c0819e3810db.jpg,River
img_06998d5c1a1e.jpg,AnnualCrop
img_dda5ca16301b.jpg,HerbaceousVegetation
img_dfcb9d8aceb8.jpg,AnnualCrop
img_997a200f7f68.jpg,Forest
img_7cfe3bbf65a5.jpg,Highway
img_32f03d40585a.jpg,Pasture
img_0904cf01b572.jpg,Forest
img_d22469354f30.jpg,SeaLake
img_22c99029dae2.jpg,SeaLake
img_815631824081.jpg,Highway
img_b7db60c5897a.jpg,PermanentCrop
img_4c564d2abc33.jpg,Residential
img_b54fad3429ee.jpg,Industrial
img_76d123291afc.jpg,SeaLake
img_0efbf02ed235.jpg,PermanentCrop
img_36e2a9f946c8.jpg,HerbaceousVegetation
img_b4498daeb0af.jpg,PermanentCrop
img_2a53ce97cec8.jpg,Industrial
img_c6bea52ba6e8.jpg,PermanentCrop
img_51168b6048d2.jpg,Industrial
img_30f7a28ee6c8.jpg,Residential
img_77dd8a782873.jpg,AnnualCrop
img_83937e4bc422.jpg,Residential
img_a946b42be850.jpg,Residential
img_6eed5e6702df.jpg,PermanentCrop
img_056229520a89.jpg,HerbaceousVegetation
img_314abb0dc407.jpg,Industrial
img_bdd80f02ad6d.jpg,Forest
img_ca58e7d15bac.jpg,Pasture
img_c9ddccc63743.jpg,Highway
img_11ea52ca1ffd.jpg,SeaLake
img_39dbbea07f80.jpg,AnnualCrop
img_26ad933aa178.jpg,River
img_f479fa81c36b.jpg,AnnualCrop
img_cdf05ed48644.jpg,Forest
img_ee9f2b1d8f86.jpg,Highway
img_ef8517aeb2ce.jpg,Residential
img_d4e3cfa14339.jpg,Residential
img_71ac6ddaff80.jpg,Forest
img_9380f532af01.jpg,Forest
img_26d870552d43.jpg,River
img_ba69de45c1db.jpg,AnnualCrop
img_b71bef24be54.jpg,Industrial
img_a5a69bd6365f.jpg,Highway
img_008cd89bde5f.jpg,Forest
img_8de0d303a735.jpg,Residential
img_18636145bf72.jpg,PermanentCrop
img_e227e81558ca.jpg,Industrial
img_4c33e5f45d8e.jpg,River
img_51fa1a26f454.jpg,Residential
img_84793806dd79.jpg,AnnualCrop
img_33c91b64a492.jpg,Residential
img_8ab5a90e6ae6.jpg,AnnualCrop
img_b101fe837e14.jpg,PermanentCrop
img_2a5265dbae6b.jpg,Highway
img_5d2ffb3f7a4d.jpg,River
img_6f2a6b4fc9de.jpg,PermanentCrop
img_23dc2200ba54.jpg,SeaLake
img_2e0bc8d7ec4c.jpg,AnnualCrop
img_260c3cdc4b56.jpg,PermanentCrop
img_88eda37506e9.jpg,Residential
img_a6aa115feb44.jpg,Pasture
img_11e19adbb902.jpg,PermanentCrop
img_657994cc0ec9.jpg,HerbaceousVegetation
img_985c03cd797a.jpg,HerbaceousVegetation
img_254f4a0eb990.jpg,Pasture
img_b5e7bcc47384.jpg,AnnualCrop
img_ab374b6c32a2.jpg,SeaLake
img_6d48819a6c5e.jpg,SeaLake
img_40b9fcbfe16e.jpg,Highway
img_da0f61a50879.jpg,Highway
img_924bd6cd55d7.jpg,AnnualCrop
img_da12fedb96c0.jpg,Residential
img_324f19c1d209.jpg,Forest
img_f927ebbe0e73.jpg,Forest
img_044c086e2c92.jpg,SeaLake
img_e59c507d7cab.jpg,SeaLake
img_0fde2207189c.jpg,Residential
img_5f12cdf00bd3.jpg,PermanentCrop
img_de6fde13405e.jpg,AnnualCrop
img_f56ebb2bde75.jpg,HerbaceousVegetation
img_0ee96754e124.jpg,Residential
img_667efd02982d.jpg,HerbaceousVegetation
img_481e31be102c.jpg,Highway
img_07b946cf6f33.jpg,Forest
img_debc7777ec25.jpg,Residential
img_5afa6b307417.jpg,Pasture
img_2160f9e9d097.jpg,Highway
img_611b8929482b.jpg,AnnualCrop
img_c53017b9c236.jpg,Residential
img_e9bd831ffe49.jpg,Residential
img_ebaa26fc408a.jpg,Highway
img_b8ace3f342cb.jpg,Residential
img_b151fc18e4b9.jpg,HerbaceousVegetation
img_886537980a87.jpg,River
img_fc7480c01832.jpg,Highway
img_e7b917a7992e.jpg,PermanentCrop
img_8991d232896b.jpg,AnnualCrop
img_18365ba4a2ae.jpg,SeaLake
img_6bfba748c4e3.jpg,AnnualCrop
img_8b4201d24a90.jpg,AnnualCrop
img_5f20180c82c6.jpg,SeaLake
img_a14c68dfa6bb.jpg,HerbaceousVegetation
img_58d1520cdb38.jpg,Industrial
img_32da5b6113d9.jpg,Residential
img_12ff805a89e7.jpg,HerbaceousVegetation
img_dab8e2136c6b.jpg,River
img_738c02a58095.jpg,Forest
img_c5691bd8073f.jpg,Industrial
img_9296d45cd6fa.jpg,PermanentCrop
img_719d385bfeec.jpg,HerbaceousVegetation
img_a05d8b74aebe.jpg,Industrial
img_8dbdaf1bebbf.jpg,SeaLake
img_bab016c09458.jpg,AnnualCrop
img_1d93d5e2ad88.jpg,AnnualCrop
img_7720d0e9d7e9.jpg,River
img_30be7caaeaae.jpg,Highway
img_c0ccba2673f1.jpg,Forest
img_d46a8828b73a.jpg,River
img_ca60d8685efc.jpg,Industrial
img_f0366904c81c.jpg,HerbaceousVegetation
img_34c99faa328c.jpg,River
img_4f0905b3ccd5.jpg,Industrial
img_de2fbc2656ec.jpg,Residential
img_0163230ffee1.jpg,River
img_1352041028d7.jpg,PermanentCrop
img_3bc23f4c86cc.jpg,Residential
img_efe9087f74fc.jpg,River
img_dee24b585b7e.jpg,Forest
img_6db9999687d1.jpg,River
img_cce8c48a8e99.jpg,SeaLake
img_15d620829580.jpg,AnnualCrop
img_3eaabb642701.jpg,HerbaceousVegetation
img_456f48494393.jpg,SeaLake
img_949b7475a412.jpg,Forest
img_37acc48cd592.jpg,Pasture
img_e52b36b7913a.jpg,Highway
img_735251341ce9.jpg,Pasture
img_176d7212b690.jpg,SeaLake
img_f715523c4d14.jpg,Forest
img_616e0ae4f619.jpg,Forest
img_490811dc4587.jpg,River
img_2b7c7da4c9f2.jpg,Highway
img_46af71fb0054.jpg,SeaLake
img_84355658784e.jpg,Pasture
img_b6373521b2a3.jpg,AnnualCrop
img_f45038a76bde.jpg,Highway
img_3a0b7a133c65.jpg,PermanentCrop
img_9780c3fa2a71.jpg,Pasture
img_0285ff33de7e.jpg,Residential
img_bee909ffe7a6.jpg,Industrial
img_b57b9d7e54c1.jpg,Industrial
img_9c5181eb463f.jpg,Highway
img_22e71cc49504.jpg,Forest
img_72843aa9ec6c.jpg,Residential
img_df7b462bcef3.jpg,Industrial
img_2a854ca9bc66.jpg,Forest
img_043440a17a26.jpg,HerbaceousVegetation
img_2a8e39c5d683.jpg,HerbaceousVegetation
img_c54ab2faa538.jpg,PermanentCrop
img_25281031d802.jpg,Highway
img_1b1bd235e639.jpg,Highway
img_6f4c8955859d.jpg,Pasture
img_cbd1d92e3740.jpg,Highway
img_1fb6e844c385.jpg,River
img_616bdce20a69.jpg,Pasture
img_845b2f714236.jpg,Highway
img_02de410d117c.jpg,Highway
img_4a63e89b0c11.jpg,Pasture
img_e4ff0c0d50cb.jpg,PermanentCrop
img_23a3a8baad8e.jpg,SeaLake
img_b1d4531e6e61.jpg,Highway
img_a10e58f0716e.jpg,Residential
img_0e519f86463d.jpg,HerbaceousVegetation
img_cd0b8a127582.jpg,HerbaceousVegetation
img_b462748a6b8d.jpg,Pasture
img_e9a2bf9363c5.jpg,PermanentCrop
img_76ead953eb41.jpg,River
img_144379ec787f.jpg,Forest
img_c07d921f501b.jpg,Industrial
img_840545ac658f.jpg,River
img_330d7cc23908.jpg,HerbaceousVegetation
img_a5a21e32cb41.jpg,Residential
img_574b37315b11.jpg,Highway
img_8fc9e1775d84.jpg,AnnualCrop
img_ac0b4730aac4.jpg,Highway
img_069caab85a46.jpg,SeaLake
img_8eb0d756aaed.jpg,Industrial
img_7e2f6714781e.jpg,Industrial
img_4a6394881e44.jpg,Forest
img_c693b314b40e.jpg,HerbaceousVegetation
img_12d664fc5293.jpg,Industrial
img_47333725bdd1.jpg,River
img_09b86366e089.jpg,Highway
img_301f9614e042.jpg,Highway
img_52755efc4193.jpg,Forest
img_98734047bf8f.jpg,Highway
img_3088dbf5a9c3.jpg,Highway
img_469349c07efd.jpg,Highway
img_9275ddda06ba.jpg,Industrial
img_40de1bf3b884.jpg,River
img_a7dd4f51f213.jpg,SeaLake
img_30bb8478de4f.jpg,PermanentCrop
img_932bb063305e.jpg,Forest
img_4269079e1e61.jpg,AnnualCrop
img_fb7888f755bf.jpg,SeaLake
img_cfd5916404bb.jpg,PermanentCrop
img_4a02b4e39d8b.jpg,PermanentCrop
img_f74b4765fc23.jpg,Residential
img_681440b86288.jpg,Residential
img_60f819d74ffc.jpg,Residential
img_17eb686e051d.jpg,Pasture
img_7b1b43951590.jpg,AnnualCrop
img_b424f6e710fd.jpg,River
img_addfecd13e99.jpg,PermanentCrop
img_b0d4281b43de.jpg,Industrial
img_0e48d2743500.jpg,Pasture
img_3473ea1848ca.jpg,PermanentCrop
img_65ae21d33318.jpg,Residential
img_63385d1b7bcd.jpg,SeaLake
img_a1abf5077eee.jpg,PermanentCrop
img_3a56dff269a5.jpg,Pasture
img_022766320341.jpg,PermanentCrop
img_b0dd99ace7c4.jpg,River
img_9fff499f57ed.jpg,Forest
img_23aa3455b63e.jpg,Highway
img_8ded52a8ede5.jpg,AnnualCrop
img_2ae638f2aabd.jpg,Residential
img_adfa9e150d36.jpg,SeaLake
img_ec3900b73108.jpg,Pasture
img_bf4a298aa81e.jpg,Pasture
img_ce0eddb5f214.jpg,AnnualCrop
img_f9a264ee7a9c.jpg,Industrial
img_c6585dbb6fa4.jpg,Forest
img_c878d4961f0c.jpg,Residential
img_183caf325c42.jpg,Residential
img_6464cc102afd.jpg,PermanentCrop
img_0cdc3c3ee3d6.jpg,HerbaceousVegetation
img_a8faa4931870.jpg,Pasture
img_68111f68bd3d.jpg,Highway
img_5247d5fb2a99.jpg,Residential
img_5b9b09c83d2a.jpg,PermanentCrop
img_3328d50e7620.jpg,Industrial
img_3c9aa927a6f8.jpg,AnnualCrop
img_0a48712064e0.jpg,Industrial
img_79c5a77bba76.jpg,Highway
img_b20caa9c5106.jpg,AnnualCrop
img_70a0fd7c1a00.jpg,HerbaceousVegetation
img_66a472645f9a.jpg,AnnualCrop
img_a789bd86b73c.jpg,PermanentCrop
img_5578ea004506.jpg,SeaLake
img_3312eb859c14.jpg,Residential
img_94d0b8e27e93.jpg,Pasture
img_73f5a805991f.jpg,SeaLake
img_6774ab4485f4.jpg,River
img_0626d8b6fd24.jpg,AnnualCrop
img_4ff1c54a7a80.jpg,Highway
img_fbe9794b835b.jpg,SeaLake
img_667ca78bec19.jpg,Industrial
img_cbec4ea7b966.jpg,PermanentCrop
img_e9e7c6499c6e.jpg,Forest
img_fa458aa6e346.jpg,River
img_3edab3161363.jpg,HerbaceousVegetation
img_0f7063ed2e13.jpg,River
img_3ad561c1575f.jpg,PermanentCrop
img_7f8b49cdc2d6.jpg,Residential
img_ca15d04c76b4.jpg,Highway
img_82942e79acdb.jpg,Industrial
img_8ef06cd229ef.jpg,HerbaceousVegetation
img_d92cdcb4fa66.jpg,River
img_760ea765fb37.jpg,Industrial
img_0d482f0e5eca.jpg,Forest
img_08ca5120c6df.jpg,Industrial
img_bcf2602f1f5b.jpg,PermanentCrop
img_43061ed4627a.jpg,PermanentCrop
img_94931bd1be85.jpg,Residential
img_7b9ad6c97305.jpg,SeaLake
img_bbc951d440e3.jpg,River
img_8f5bdfa9f581.jpg,River
img_07cc099bfdf6.jpg,Pasture
img_22add746460a.jpg,SeaLake
img_2d3933658f15.jpg,AnnualCrop
img_27ade10884ec.jpg,SeaLake
img_ee145d3568fc.jpg,Residential
img_709376d19cfd.jpg,Highway
img_ea84729f0eb9.jpg,Highway
img_e28f9a88841f.jpg,Residential
img_0894c6298bcd.jpg,Industrial
img_4be69050ea45.jpg,HerbaceousVegetation
img_f0098fd0bda5.jpg,Highway
img_269fd27f8861.jpg,Industrial
img_d97039f39260.jpg,PermanentCrop
img_65e827fa966f.jpg,PermanentCrop
img_8b81a00e0766.jpg,HerbaceousVegetation
img_ceee0bffbdf9.jpg,River
img_0de20b24e2c0.jpg,Residential
img_cf75878a08b3.jpg,AnnualCrop
img_d3475a3c08aa.jpg,HerbaceousVegetation
img_b97ecba3f7dc.jpg,River
img_ceeab68c372b.jpg,Highway
img_6e48b477599d.jpg,Residential
img_c11834e96bb7.jpg,Highway
img_c3d56623f7bc.jpg,SeaLake
img_d46164763c4b.jpg,HerbaceousVegetation
img_1ef9efadc0a8.jpg,River
img_3b2923d9be57.jpg,AnnualCrop
img_c38b8e36b7d7.jpg,River
img_19712bbdc1e9.jpg,Forest
img_007867b6eb49.jpg,Industrial
img_b3149828c2e8.jpg,Industrial
img_acdca9d1f995.jpg,Residential
img_55548791795c.jpg,AnnualCrop
img_e3420d71bf06.jpg,Forest
img_5183a8d94ad1.jpg,Industrial
img_e03489b57bfc.jpg,Residential
img_9b9e71c64225.jpg,HerbaceousVegetation
img_5e5220f6a049.jpg,Pasture
img_8406d6ad790e.jpg,SeaLake
img_3505a8c32a91.jpg,Residential
img_ccfcea4174f5.jpg,Highway
img_7efe70b9fafc.jpg,Industrial
img_b73f286f15fd.jpg,Industrial
img_4a59a8d2e6a9.jpg,HerbaceousVegetation
img_c94900191084.jpg,AnnualCrop
img_ad5f295e63a5.jpg,AnnualCrop
img_bc7f344e09d1.jpg,PermanentCrop
img_5d33ea69e410.jpg,SeaLake
img_3ef0b94e4604.jpg,Pasture
img_13f236bdb6c9.jpg,PermanentCrop
img_3779b677efaf.jpg,Residential
img_24e8266ae7a2.jpg,AnnualCrop
img_811a2164e69c.jpg,PermanentCrop
img_9cbdd5f5698b.jpg,Residential
img_6aa13f98e03b.jpg,Industrial
img_8a568b07be3a.jpg,HerbaceousVegetation
img_bd7088a75972.jpg,HerbaceousVegetation
img_0fd964e1eebc.jpg,SeaLake
img_ef39a0edfeca.jpg,Residential
img_6be6c8d06772.jpg,Residential
img_d424d97db965.jpg,SeaLake
img_4f5fd59857a3.jpg,PermanentCrop
img_6b2893aaaf64.jpg,SeaLake
img_5e9c0a15e927.jpg,River
img_09275637983e.jpg,River
img_e634bbfc1ede.jpg,Industrial
img_007aa27b1834.jpg,AnnualCrop
img_34144b6571a9.jpg,River
img_b2bc50bde867.jpg,Highway
img_c47aa7a2e9b1.jpg,Forest
img_6ce10fd6b42f.jpg,HerbaceousVegetation
img_01f93d6b4bc4.jpg,AnnualCrop
img_b5f18a50d99b.jpg,Pasture
img_c3fbcddead60.jpg,PermanentCrop
img_d1bc95afe841.jpg,Industrial
img_95ed1bda3a56.jpg,Residential
img_bfbc662ac0ef.jpg,PermanentCrop
img_78c9a84731fa.jpg,AnnualCrop
img_f29a8b33421d.jpg,Pasture
img_d80fa1e4ced1.jpg,HerbaceousVegetation
img_130701dcfbcd.jpg,Pasture
img_e1d0be0e8670.jpg,River
img_3e412563cb22.jpg,HerbaceousVegetation
img_89fded1bcdaa.jpg,Highway
img_006ff84b5af7.jpg,River
img_8568569fe661.jpg,AnnualCrop
img_cc321aa6dca8.jpg,Industrial
img_cefca7b338bc.jpg,SeaLake
img_ef4d976929e2.jpg,HerbaceousVegetation
img_a407d5938f8f.jpg,HerbaceousVegetation
img_ff028560cdfd.jpg,Pasture
img_2bb94000a3d4.jpg,SeaLake
img_5228aa421c6e.jpg,AnnualCrop
img_dd02e627c55e.jpg,HerbaceousVegetation
img_384c157ea06c.jpg,SeaLake
img_3d9b16ad5c6c.jpg,AnnualCrop
img_237681d6beef.jpg,PermanentCrop
img_890b36adf827.jpg,PermanentCrop
img_dd8cb579a041.jpg,Forest
img_feb8996cdbcf.jpg,Forest
img_4bb9993e5726.jpg,HerbaceousVegetation
img_599298de95f4.jpg,HerbaceousVegetation
img_2c66c03d0918.jpg,Residential
img_18bde4783211.jpg,Pasture
img_fd26ec9de61e.jpg,HerbaceousVegetation
img_7c2b782d824a.jpg,HerbaceousVegetation
img_eed21b2bafdf.jpg,SeaLake
img_b0995da136de.jpg,SeaLake
img_d8695428f498.jpg,Highway
img_3e3aca817017.jpg,Forest
img_0ba8147e5204.jpg,Forest
img_ba0dd4ea81ca.jpg,HerbaceousVegetation
img_13ad604a39c0.jpg,Highway
img_12b04941daea.jpg,SeaLake
img_528b71523449.jpg,Pasture
img_008fb1b89eb3.jpg,Forest
img_aca625da1f06.jpg,PermanentCrop
img_aa06e70648fa.jpg,Forest
img_e83f5d5ebd4a.jpg,River
img_f29c1be920c7.jpg,Industrial
img_0d8fc6f2a00c.jpg,SeaLake
img_1532bf60b050.jpg,Forest
img_6be1a1c89ff3.jpg,Forest
img_f99f139440ca.jpg,HerbaceousVegetation
img_7cfaa2d5d291.jpg,AnnualCrop
img_98644c708180.jpg,PermanentCrop
img_bab60a5a3f40.jpg,Forest
img_724987502c2e.jpg,Residential
img_defaf525e7ae.jpg,AnnualCrop
img_370cc318a92b.jpg,River
img_793ea4802ec0.jpg,Residential
img_1fc3f8256c02.jpg,Pasture
img_af2f1f7aa262.jpg,Forest
img_6e306ec5e892.jpg,Industrial
img_176d16d1d8d3.jpg,Residential
img_61fee6d17972.jpg,AnnualCrop
img_024a05a6d07f.jpg,Forest
img_3202913b2b3b.jpg,PermanentCrop
img_165fe892eaaa.jpg,Pasture
img_45eaaefacde9.jpg,SeaLake
img_1e376307305a.jpg,Forest
img_982e47eda82b.jpg,SeaLake
img_ed40a36bf984.jpg,Residential
img_4c81498d4744.jpg,PermanentCrop
img_ff43d27bc9bb.jpg,AnnualCrop
img_bf7903897bae.jpg,Pasture
img_84bba82b2160.jpg,AnnualCrop
img_c7bcc0b7af32.jpg,Residential
img_5008168006b4.jpg,Industrial
img_a2bf8f5b70af.jpg,Residential
img_2b95af0ce806.jpg,Industrial
img_ce583062646b.jpg,PermanentCrop
img_0241bd2c73d1.jpg,SeaLake
img_0cf8acdb72f6.jpg,Highway
img_60b008cb4a75.jpg,Pasture
img_76fd2e245d6b.jpg,Highway
img_057f7e9df4d3.jpg,Residential
img_ae38be3f5eaa.jpg,AnnualCrop
img_0a8526afc5fb.jpg,Highway
img_419f453160e3.jpg,Industrial
img_0f40dbf702da.jpg,Pasture
img_08dacd119b71.jpg,SeaLake
img_11a7f0e387cb.jpg,HerbaceousVegetation
img_a25af1dc7bc2.jpg,HerbaceousVegetation
img_0b308cc422ae.jpg,PermanentCrop
img_c2ac0102103e.jpg,PermanentCrop
img_3156ba345727.jpg,PermanentCrop
img_5bfea07c1c19.jpg,PermanentCrop
img_dfcc60814f55.jpg,SeaLake
img_5d3dfcd62596.jpg,HerbaceousVegetation
img_77ff531858cc.jpg,Industrial
img_2ad4e36392ea.jpg,Residential
img_63cf3c00fde9.jpg,Forest
img_5baebbd57f2d.jpg,PermanentCrop
img_4f41a4f14ddd.jpg,Pasture
img_eed4af5cac1e.jpg,Pasture
img_07e707ed1991.jpg,PermanentCrop
img_14eed258cadc.jpg,AnnualCrop
img_c438a711a9a1.jpg,Forest
img_837588d495b7.jpg,River
img_965adae2b9f2.jpg,AnnualCrop
img_0d6c61e6278e.jpg,PermanentCrop
img_dbb42dca033a.jpg,Industrial
img_93bc47e2635d.jpg,Industrial
img_18a1b4c6ab38.jpg,Forest
img_4de8080c5873.jpg,HerbaceousVegetation
img_1a4129af0e1e.jpg,Industrial
img_9308552201ca.jpg,Pasture
img_2e2326adb39e.jpg,SeaLake
img_eae29c0a9fc0.jpg,River
img_2d4e94bc8530.jpg,HerbaceousVegetation
img_bbedc6d33c38.jpg,River
img_b0bcc863371b.jpg,Pasture
img_4f91f5eab1a9.jpg,Industrial
img_2e1cea4155cc.jpg,SeaLake
img_cd9eb294dda4.jpg,Forest
img_e53f9d79cc26.jpg,SeaLake
img_5042c825fe5e.jpg,Residential
img_5d46e60aac4b.jpg,HerbaceousVegetation
img_941a27db9f3c.jpg,Residential
img_cd95a2ea4cad.jpg,River
img_839e32db463d.jpg,Highway
img_1c06dd8c27b3.jpg,Forest
img_95a15dc7ebe2.jpg,Highway
img_91faf9e481a2.jpg,HerbaceousVegetation
img_5bfa82e95345.jpg,Residential
img_5150078202fb.jpg,Residential
img_e6310c69b1f4.jpg,SeaLake
img_883097c86821.jpg,Forest
img_ac6ba048e484.jpg,HerbaceousVegetation
img_bb1a72f007f3.jpg,HerbaceousVegetation
img_0bd23392fa76.jpg,SeaLake
img_ac614899165e.jpg,Highway
img_6e0db3f72d65.jpg,PermanentCrop
img_1a402f4b9072.jpg,SeaLake
img_bae51de35c4d.jpg,Industrial
img_d10808af286c.jpg,River
img_bebb8559adb5.jpg,SeaLake
img_bd82f5d60f81.jpg,Industrial
img_6fa7147b1f8d.jpg,Residential
img_e0678a3e222a.jpg,Industrial
img_bd18a8aac97d.jpg,AnnualCrop
img_4b39a6afcea1.jpg,HerbaceousVegetation
img_63c03b5c5844.jpg,Residential
img_e2115c75e51f.jpg,River
img_278bc8ce55ce.jpg,SeaLake
img_f966c41d9aba.jpg,SeaLake
img_a82c05fc6b2d.jpg,Highway
img_decae205add2.jpg,Highway
img_ece9cb0c4051.jpg,River
img_4fe2a4fd27c0.jpg,Pasture
img_98b41c12f690.jpg,Residential
img_752cc00dc069.jpg,Highway
img_6f0a9f415470.jpg,Forest
img_2fdf821794e4.jpg,River
img_729c0d1a8b47.jpg,SeaLake
img_8014dd3e1566.jpg,HerbaceousVegetation
img_ddba62569627.jpg,Highway
img_22d27108b8f3.jpg,Forest
img_d85793c12cf8.jpg,Highway
img_eae7486c6565.jpg,Residential
img_575444c0f128.jpg,HerbaceousVegetation
img_e7c713b08d2e.jpg,Industrial
img_7439e547c29e.jpg,PermanentCrop
img_cfb62115d049.jpg,HerbaceousVegetation
img_08eb08526a6d.jpg,Industrial
img_dbe0a959a891.jpg,HerbaceousVegetation
img_378279d1ec54.jpg,Industrial
img_a987f32c9645.jpg,River
img_a154556bd52f.jpg,Industrial
img_7d76bef78e3c.jpg,Residential
img_f4ebdf131813.jpg,Industrial
img_f31fae920ff4.jpg,Highway
img_2685d81ab796.jpg,Highway
img_b0fb215c0917.jpg,Residential
img_b31ad08885e2.jpg,PermanentCrop
img_e515603024f4.jpg,PermanentCrop
img_7f6c52f881ea.jpg,River
img_4a4a5c142bd7.jpg,PermanentCrop
img_d0d2f4f30e51.jpg,AnnualCrop
img_68a9a5721c69.jpg,Highway
img_439bfde98919.jpg,AnnualCrop
img_2566c59a1734.jpg,Industrial
img_82d1f5562540.jpg,SeaLake
img_8534b292f97a.jpg,Industrial
img_fd203da28c6a.jpg,Highway
img_df18ed64161a.jpg,Pasture
img_e17e73e75ab0.jpg,HerbaceousVegetation
img_d833666643a2.jpg,Forest
img_7c90c7323039.jpg,Pasture
img_3fd70e0ebd8b.jpg,Pasture
img_f05e70c5b95f.jpg,Residential
img_6d48350515ee.jpg,Pasture
img_419b687374d5.jpg,HerbaceousVegetation
img_7e25c175c170.jpg,Pasture
img_c8da1ac1277f.jpg,River
img_2081ddcfe718.jpg,Residential
img_565160de3990.jpg,Industrial
img_45a6952f3377.jpg,SeaLake
img_f62d8c2fd33a.jpg,Industrial
img_e0504dfb5d7d.jpg,River
img_8a5afbc95011.jpg,River
img_a060ad8ef48e.jpg,AnnualCrop
img_f26ce79c298b.jpg,Pasture
img_e83e973d1cce.jpg,Highway
img_90995c170ea2.jpg,AnnualCrop
img_442e87cbccbc.jpg,Residential
img_2030cb5dca93.jpg,HerbaceousVegetation
img_4f44ca9cc6e4.jpg,SeaLake
img_1ff5b3248ad3.jpg,Forest
img_8de83ee55fac.jpg,SeaLake
img_f91273d0e818.jpg,River
img_1364d1c05789.jpg,Residential
img_e20f8d7f97a3.jpg,Pasture
img_23041871da09.jpg,Pasture
img_d79a56980978.jpg,AnnualCrop
img_fa635eed5e7e.jpg,River
img_c7e22a6c4d64.jpg,Forest
img_eab3e99b5442.jpg,AnnualCrop
img_48ce5f600864.jpg,Industrial
img_7fc477d53e43.jpg,PermanentCrop
img_0b14c9cef569.jpg,Forest
img_ad7e45132080.jpg,Industrial
img_ed60e5fcc37d.jpg,SeaLake
img_45ace7fdae95.jpg,HerbaceousVegetation
img_322f117105fc.jpg,PermanentCrop
img_a0d039920670.jpg,Highway
img_8a0f542fb4f9.jpg,Pasture
img_e06687f3860b.jpg,HerbaceousVegetation
img_b46bd9cdda2b.jpg,Forest
img_91f564cbc469.jpg,Industrial
img_498ed072694a.jpg,River
img_602be84248cc.jpg,Pasture
img_8570b9894c7b.jpg,Pasture
img_bee1f60fd285.jpg,Forest
img_3faade0a9683.jpg,SeaLake
img_1a4ac9314b83.jpg,HerbaceousVegetation
img_1d0826e125c3.jpg,PermanentCrop
img_0a3d802344e2.jpg,Industrial
img_6d46ca935060.jpg,PermanentCrop
img_937e9569388c.jpg,Highway
img_b92f3d71e0d4.jpg,HerbaceousVegetation
img_3079ccd28155.jpg,SeaLake
img_70adea31922c.jpg,River
img_4b822df2eaa1.jpg,SeaLake
img_1276832e636d.jpg,Pasture
img_d81a4eb6beee.jpg,Industrial
img_0f1b7c7a4e1f.jpg,SeaLake
img_651e964b1248.jpg,AnnualCrop
img_a2802ffa5c89.jpg,AnnualCrop
img_b7c7c9d2d64e.jpg,PermanentCrop
img_dabb32005c89.jpg,SeaLake
img_43967805c9f3.jpg,Residential
img_e0d0e88b0e98.jpg,Highway
img_77b8a2257ef9.jpg,Forest
img_550ecb833afa.jpg,Pasture
img_beca79217811.jpg,SeaLake
img_6752b20ddd1a.jpg,AnnualCrop
img_1dd0d40f9527.jpg,Residential
img_a52cf2fcd288.jpg,Highway
img_fec607c51e63.jpg,PermanentCrop
img_9d932eb0cff2.jpg,Forest
img_8d5263c0bcd6.jpg,PermanentCrop
img_0e1010c194da.jpg,AnnualCrop
img_80d771183947.jpg,Forest
img_4bb72bc3348c.jpg,Forest
img_3d72a1b2d11b.jpg,River
img_975e14862d9b.jpg,HerbaceousVegetation
img_be71fcd0d4fd.jpg,SeaLake
img_73a9d19eeb68.jpg,Forest
